{
  "updateBooking" : {
    "transaction" : "updateBooking",
    "sampleCount" : 3000,
    "errorCount" : 0,
    "errorPct" : 0.0,
    "meanResTime" : 940.8880000000008,
    "medianResTime" : 664.0,
    "minResTime" : 231.0,
    "maxResTime" : 19951.0,
    "pct1ResTime" : 1945.0,
    "pct2ResTime" : 2429.95,
    "pct3ResTime" : 4438.8399999999965,
    "throughput" : 45.534575921316254,
    "receivedKBytesPerSec" : 41.14813773070852,
    "sentKBytesPerSec" : 22.31034137651023
  },
  "Total" : {
    "transaction" : "Total",
    "sampleCount" : 18000,
    "errorCount" : 0,
    "errorPct" : 0.0,
    "meanResTime" : 5383.154944444457,
    "medianResTime" : 706.0,
    "minResTime" : 230.0,
    "maxResTime" : 77428.0,
    "pct1ResTime" : 19098.899999999994,
    "pct2ResTime" : 34575.95,
    "pct3ResTime" : 61178.94000000001,
    "throughput" : 218.40419336051252,
    "receivedKBytesPerSec" : 186.50172979154533,
    "sentKBytesPerSec" : 67.60775744394293
  },
  "deleteBooking" : {
    "transaction" : "deleteBooking",
    "sampleCount" : 3000,
    "errorCount" : 0,
    "errorPct" : 0.0,
    "meanResTime" : 709.8690000000017,
    "medianResTime" : 557.0,
    "minResTime" : 230.0,
    "maxResTime" : 13547.0,
    "pct1ResTime" : 1257.8000000000002,
    "pct2ResTime" : 1972.7999999999993,
    "pct3ResTime" : 3100.8299999999963,
    "throughput" : 46.15952732644018,
    "receivedKBytesPerSec" : 34.005928133462575,
    "sentKBytesPerSec" : 10.039877504154356
  },
  "getBooking" : {
    "transaction" : "getBooking",
    "sampleCount" : 3000,
    "errorCount" : 0,
    "errorPct" : 0.0,
    "meanResTime" : 842.2376666666685,
    "medianResTime" : 614.0,
    "minResTime" : 230.0,
    "maxResTime" : 25279.0,
    "pct1ResTime" : 1564.7000000000003,
    "pct2ResTime" : 2305.7999999999993,
    "pct3ResTime" : 4152.479999999989,
    "throughput" : 45.238633793259446,
    "receivedKBytesPerSec" : 40.61704789640353,
    "sentKBytesPerSec" : 7.233056717937118
  },
  "partialUpdateBooking" : {
    "transaction" : "partialUpdateBooking",
    "sampleCount" : 3000,
    "errorCount" : 0,
    "errorPct" : 0.0,
    "meanResTime" : 790.998,
    "medianResTime" : 614.0,
    "minResTime" : 230.0,
    "maxResTime" : 19511.0,
    "pct1ResTime" : 1649.7000000000003,
    "pct2ResTime" : 1973.9499999999998,
    "pct3ResTime" : 3464.819999999996,
    "throughput" : 45.844921910816346,
    "receivedKBytesPerSec" : 41.256549615666735,
    "sentKBytesPerSec" : 13.732165847825422
  },
  "login" : {
    "transaction" : "login",
    "sampleCount" : 3000,
    "errorCount" : 0,
    "errorPct" : 0.0,
    "meanResTime" : 27918.600666666658,
    "medianResTime" : 23701.0,
    "minResTime" : 4467.0,
    "maxResTime" : 77428.0,
    "pct1ResTime" : 57121.80000000001,
    "pct2ResTime" : 61951.399999999994,
    "pct3ResTime" : 66276.17999999998,
    "throughput" : 37.21484127870195,
    "receivedKBytesPerSec" : 28.26171608487465,
    "sentKBytesPerSec" : 8.940284135313163
  },
  "createBooking" : {
    "transaction" : "createBooking",
    "sampleCount" : 3000,
    "errorCount" : 0,
    "errorPct" : 0.0,
    "meanResTime" : 1096.3363333333327,
    "medianResTime" : 674.5,
    "minResTime" : 233.0,
    "maxResTime" : 46141.0,
    "pct1ResTime" : 2035.8000000000002,
    "pct2ResTime" : 3085.749999999999,
    "pct3ResTime" : 8474.80999999993,
    "throughput" : 44.27194781813084,
    "receivedKBytesPerSec" : 40.9970342406623,
    "sentKBytesPerSec" : 19.931023382967105
  }
}